rollNo,date,status
25B11AI241,01-07-2026,Present
25B11AI241,02-07-2026,Present
25B11AI241,03-07-2026,Present
25B11AI241,04-07-2026,Present
25B11AI241,05-07-2026,Present
25B11AI241,06-07-2026,Present
25B11AI241,07-07-2026,Present
25B11AI241,08-07-2026,Present
25B11AI241,09-07-2026,Present
25B11AI241,10-07-2026,Present
25B11AI241,11-07-2026,Present
25B11AI241,12-07-2026,Present
25B11AI241,13-07-2026,Present
25B11AI241,14-07-2026,Present
25B11AI241,15-07-2026,Present
25B11AI241,16-07-2026,Present
25B11AI241,17-07-2026,Present
25B11AI241,18-07-2026,Present
25B11AI241,19-07-2026,Present
25B11AI241,20-07-2026,Present
25B11AI241,21-07-2026,Present
25B11AI241,22-07-2026,Present
25B11AI241,23-07-2026,Present
25B11AI241,24-07-2026,Present
25B11AI241,25-07-2026,Present
25B11AI241,26-07-2026,Present
25B11AI241,27-07-2026,Present
25B11AI241,28-07-2026,Present
25B11AI241,29-07-2026,Present
25B11AI241,30-07-2026,Present
25B11AI241,31-07-2026,Present
25B11AI241,32-07-2026,Present
25B11AI241,33-07-2026,Present
25B11AI241,34-07-2026,Present
25B11AI241,35-07-2026,Present
25B11AI241,36-07-2026,Present
25B11AI241,37-07-2026,Present
25B11AI241,38-07-2026,Present
25B11AI241,39-07-2026,Present
25B11AI241,40-07-2026,Present
25B11AI241,41-07-2026,Present
25B11AI241,42-07-2026,Present
25B11AI241,43-07-2026,Present
25B11AI241,44-07-2026,Present
25B11AI241,45-07-2026,Present
25B11AI241,46-07-2026,Present
25B11AI241,47-07-2026,Present
25B11AI241,48-07-2026,Present
25B11AI241,49-07-2026,Present
25B11AI241,50-07-2026,Present
25B11AI241,51-07-2026,Present
25B11AI241,52-07-2026,Present
25B11AI241,53-07-2026,Present
25B11AI241,54-07-2026,Present
25B11AI241,55-07-2026,Present
25B11AI241,56-07-2026,Present
25B11AI241,57-07-2026,Absent
25B11AI241,58-07-2026,Absent
25B11AI241,59-07-2026,Absent
25B11AI241,60-07-2026,Absent
25B11AI102,01-07-2026,Present
25B11AI102,02-07-2026,Present
25B11AI102,03-07-2026,Present
25B11AI102,04-07-2026,Present
25B11AI102,05-07-2026,Present
25B11AI102,06-07-2026,Present
25B11AI102,07-07-2026,Present
25B11AI102,08-07-2026,Present
25B11AI102,09-07-2026,Present
25B11AI102,10-07-2026,Present
25B11AI102,11-07-2026,Present
25B11AI102,12-07-2026,Present
25B11AI102,13-07-2026,Present
25B11AI102,14-07-2026,Present
25B11AI102,15-07-2026,Present
25B11AI102,16-07-2026,Present
25B11AI102,17-07-2026,Present
25B11AI102,18-07-2026,Present
25B11AI102,19-07-2026,Present
25B11AI102,20-07-2026,Present
25B11AI102,21-07-2026,Present
25B11AI102,22-07-2026,Present
25B11AI102,23-07-2026,Present
25B11AI102,24-07-2026,Present
25B11AI102,25-07-2026,Present
25B11AI102,26-07-2026,Present
25B11AI102,27-07-2026,Present
25B11AI102,28-07-2026,Present
25B11AI102,29-07-2026,Present
25B11AI102,30-07-2026,Present
25B11AI102,31-07-2026,Present
25B11AI102,32-07-2026,Present
25B11AI102,33-07-2026,Present
25B11AI102,34-07-2026,Present
25B11AI102,35-07-2026,Present
25B11AI102,36-07-2026,Present
25B11AI102,37-07-2026,Present
25B11AI102,38-07-2026,Present
25B11AI102,39-07-2026,Present
25B11AI102,40-07-2026,Present
25B11AI102,41-07-2026,Present
25B11AI102,42-07-2026,Present
25B11AI102,43-07-2026,Present
25B11AI102,44-07-2026,Present
25B11AI102,45-07-2026,Present
25B11AI102,46-07-2026,Present
25B11AI102,47-07-2026,Present
25B11AI102,48-07-2026,Present
25B11AI102,49-07-2026,Present
25B11AI102,50-07-2026,Present
25B11AI102,51-07-2026,Present
25B11AI102,52-07-2026,Present
25B11AI102,53-07-2026,Present
25B11AI102,54-07-2026,Present
25B11AI102,55-07-2026,Present
25B11AI102,56-07-2026,Present
25B11AI102,57-07-2026,Present
25B11AI102,58-07-2026,Present
25B11AI102,59-07-2026,Absent
25B11AI102,60-07-2026,Absent
25B11AI581,01-07-2026,Present
25B11AI581,02-07-2026,Present
25B11AI581,03-07-2026,Present
25B11AI581,04-07-2026,Present
25B11AI581,05-07-2026,Present
25B11AI581,06-07-2026,Present
25B11AI581,07-07-2026,Present
25B11AI581,08-07-2026,Present
25B11AI581,09-07-2026,Present
25B11AI581,10-07-2026,Present
25B11AI581,11-07-2026,Present
25B11AI581,12-07-2026,Present
25B11AI581,13-07-2026,Present
25B11AI581,14-07-2026,Present
25B11AI581,15-07-2026,Present
25B11AI581,16-07-2026,Present
25B11AI581,17-07-2026,Present
25B11AI581,18-07-2026,Present
25B11AI581,19-07-2026,Present
25B11AI581,20-07-2026,Present
25B11AI581,21-07-2026,Present
25B11AI581,22-07-2026,Present
25B11AI581,23-07-2026,Present
25B11AI581,24-07-2026,Present
25B11AI581,25-07-2026,Present
25B11AI581,26-07-2026,Present
25B11AI581,27-07-2026,Present
25B11AI581,28-07-2026,Present
25B11AI581,29-07-2026,Present
25B11AI581,30-07-2026,Present
25B11AI581,31-07-2026,Present
25B11AI581,32-07-2026,Present
25B11AI581,33-07-2026,Present
25B11AI581,34-07-2026,Present
25B11AI581,35-07-2026,Present
25B11AI581,36-07-2026,Present
25B11AI581,37-07-2026,Present
25B11AI581,38-07-2026,Present
25B11AI581,39-07-2026,Present
25B11AI581,40-07-2026,Present
25B11AI581,41-07-2026,Present
25B11AI581,42-07-2026,Present
25B11AI581,43-07-2026,Present
25B11AI581,44-07-2026,Present
25B11AI581,45-07-2026,Present
25B11AI581,46-07-2026,Present
25B11AI581,47-07-2026,Present
25B11AI581,48-07-2026,Present
25B11AI581,49-07-2026,Present
25B11AI581,50-07-2026,Present
25B11AI581,51-07-2026,Present
25B11AI581,52-07-2026,Present
25B11AI581,53-07-2026,Absent
25B11AI581,54-07-2026,Absent
25B11AI581,55-07-2026,Absent
25B11AI581,56-07-2026,Absent
25B11AI581,57-07-2026,Absent
25B11AI581,58-07-2026,Absent
25B11AI581,59-07-2026,Absent
25B11AI581,60-07-2026,Absent
25B11AI361,01-07-2026,Present
25B11AI361,02-07-2026,Present
25B11AI361,03-07-2026,Present
25B11AI361,04-07-2026,Present
25B11AI361,05-07-2026,Present
25B11AI361,06-07-2026,Present
25B11AI361,07-07-2026,Present
25B11AI361,08-07-2026,Present
25B11AI361,09-07-2026,Present
25B11AI361,10-07-2026,Present
25B11AI361,11-07-2026,Present
25B11AI361,12-07-2026,Present
25B11AI361,13-07-2026,Present
25B11AI361,14-07-2026,Present
25B11AI361,15-07-2026,Present
25B11AI361,16-07-2026,Present
25B11AI361,17-07-2026,Present
25B11AI361,18-07-2026,Present
25B11AI361,19-07-2026,Present
25B11AI361,20-07-2026,Present
25B11AI361,21-07-2026,Present
25B11AI361,22-07-2026,Present
25B11AI361,23-07-2026,Present
25B11AI361,24-07-2026,Present
25B11AI361,25-07-2026,Present
25B11AI361,26-07-2026,Present
25B11AI361,27-07-2026,Present
25B11AI361,28-07-2026,Present
25B11AI361,29-07-2026,Present
25B11AI361,30-07-2026,Present
25B11AI361,31-07-2026,Present
25B11AI361,32-07-2026,Present
25B11AI361,33-07-2026,Present
25B11AI361,34-07-2026,Present
25B11AI361,35-07-2026,Present
25B11AI361,36-07-2026,Present
25B11AI361,37-07-2026,Present
25B11AI361,38-07-2026,Present
25B11AI361,39-07-2026,Present
25B11AI361,40-07-2026,Present
25B11AI361,41-07-2026,Present
25B11AI361,42-07-2026,Present
25B11AI361,43-07-2026,Present
25B11AI361,44-07-2026,Present
25B11AI361,45-07-2026,Present
25B11AI361,46-07-2026,Present
25B11AI361,47-07-2026,Present
25B11AI361,48-07-2026,Present
25B11AI361,49-07-2026,Present
25B11AI361,50-07-2026,Absent
25B11AI361,51-07-2026,Absent
25B11AI361,52-07-2026,Absent
25B11AI361,53-07-2026,Absent
25B11AI361,54-07-2026,Absent
25B11AI361,55-07-2026,Absent
25B11AI361,56-07-2026,Absent
25B11AI361,57-07-2026,Absent
25B11AI361,58-07-2026,Absent
25B11AI361,59-07-2026,Absent
25B11AI361,60-07-2026,Absent
25B11AI765,01-07-2026,Present
25B11AI765,02-07-2026,Present
25B11AI765,03-07-2026,Present
25B11AI765,04-07-2026,Present
25B11AI765,05-07-2026,Present
25B11AI765,06-07-2026,Present
25B11AI765,07-07-2026,Present
25B11AI765,08-07-2026,Present
25B11AI765,09-07-2026,Present
25B11AI765,10-07-2026,Present
25B11AI765,11-07-2026,Present
25B11AI765,12-07-2026,Present
25B11AI765,13-07-2026,Present
25B11AI765,14-07-2026,Present
25B11AI765,15-07-2026,Present
25B11AI765,16-07-2026,Present
25B11AI765,17-07-2026,Present
25B11AI765,18-07-2026,Present
25B11AI765,19-07-2026,Present
25B11AI765,20-07-2026,Present
25B11AI765,21-07-2026,Present
25B11AI765,22-07-2026,Present
25B11AI765,23-07-2026,Present
25B11AI765,24-07-2026,Present
25B11AI765,25-07-2026,Present
25B11AI765,26-07-2026,Present
25B11AI765,27-07-2026,Present
25B11AI765,28-07-2026,Present
25B11AI765,29-07-2026,Present
25B11AI765,30-07-2026,Present
25B11AI765,31-07-2026,Present
25B11AI765,32-07-2026,Present
25B11AI765,33-07-2026,Present
25B11AI765,34-07-2026,Present
25B11AI765,35-07-2026,Present
25B11AI765,36-07-2026,Present
25B11AI765,37-07-2026,Present
25B11AI765,38-07-2026,Present
25B11AI765,39-07-2026,Present
25B11AI765,40-07-2026,Present
25B11AI765,41-07-2026,Present
25B11AI765,42-07-2026,Present
25B11AI765,43-07-2026,Present
25B11AI765,44-07-2026,Present
25B11AI765,45-07-2026,Present
25B11AI765,46-07-2026,Present
25B11AI765,47-07-2026,Absent
25B11AI765,48-07-2026,Absent
25B11AI765,49-07-2026,Absent
25B11AI765,50-07-2026,Absent
25B11AI765,51-07-2026,Absent
25B11AI765,52-07-2026,Absent
25B11AI765,53-07-2026,Absent
25B11AI765,54-07-2026,Absent
25B11AI765,55-07-2026,Absent
25B11AI765,56-07-2026,Absent
25B11AI765,57-07-2026,Absent
25B11AI765,58-07-2026,Absent
25B11AI765,59-07-2026,Absent
25B11AI765,60-07-2026,Absent
25B11AI101,01-07-2026,Present
25B11AI101,02-07-2026,Present
25B11AI101,03-07-2026,Present
25B11AI101,04-07-2026,Present
25B11AI101,05-07-2026,Present
25B11AI101,06-07-2026,Present
25B11AI101,07-07-2026,Present
25B11AI101,08-07-2026,Present
25B11AI101,09-07-2026,Present
25B11AI101,10-07-2026,Present
25B11AI101,11-07-2026,Present
25B11AI101,12-07-2026,Present
25B11AI101,13-07-2026,Present
25B11AI101,14-07-2026,Present
25B11AI101,15-07-2026,Present
25B11AI101,16-07-2026,Present
25B11AI101,17-07-2026,Present
25B11AI101,18-07-2026,Present
25B11AI101,19-07-2026,Present
25B11AI101,20-07-2026,Present
25B11AI101,21-07-2026,Present
25B11AI101,22-07-2026,Present
25B11AI101,23-07-2026,Present
25B11AI101,24-07-2026,Present
25B11AI101,25-07-2026,Present
25B11AI101,26-07-2026,Present
25B11AI101,27-07-2026,Present
25B11AI101,28-07-2026,Present
25B11AI101,29-07-2026,Present
25B11AI101,30-07-2026,Present
25B11AI101,31-07-2026,Present
25B11AI101,32-07-2026,Present
25B11AI101,33-07-2026,Present
25B11AI101,34-07-2026,Present
25B11AI101,35-07-2026,Present
25B11AI101,36-07-2026,Present
25B11AI101,37-07-2026,Present
25B11AI101,38-07-2026,Present
25B11AI101,39-07-2026,Present
25B11AI101,40-07-2026,Present
25B11AI101,41-07-2026,Present
25B11AI101,42-07-2026,Present
25B11AI101,43-07-2026,Absent
25B11AI101,44-07-2026,Absent
25B11AI101,45-07-2026,Absent
25B11AI101,46-07-2026,Absent
25B11AI101,47-07-2026,Absent
25B11AI101,48-07-2026,Absent
25B11AI101,49-07-2026,Absent
25B11AI101,50-07-2026,Absent
25B11AI101,51-07-2026,Absent
25B11AI101,52-07-2026,Absent
25B11AI101,53-07-2026,Absent
25B11AI101,54-07-2026,Absent
25B11AI101,55-07-2026,Absent
25B11AI101,56-07-2026,Absent
25B11AI101,57-07-2026,Absent
25B11AI101,58-07-2026,Absent
25B11AI101,59-07-2026,Absent
25B11AI101,60-07-2026,Absent
25B11AI130,01-07-2026,Present
25B11AI130,02-07-2026,Present
25B11AI130,03-07-2026,Present
25B11AI130,04-07-2026,Present
25B11AI130,05-07-2026,Present
25B11AI130,06-07-2026,Present
25B11AI130,07-07-2026,Present
25B11AI130,08-07-2026,Present
25B11AI130,09-07-2026,Present
25B11AI130,10-07-2026,Present
25B11AI130,11-07-2026,Present
25B11AI130,12-07-2026,Present
25B11AI130,13-07-2026,Present
25B11AI130,14-07-2026,Present
25B11AI130,15-07-2026,Present
25B11AI130,16-07-2026,Present
25B11AI130,17-07-2026,Present
25B11AI130,18-07-2026,Present
25B11AI130,19-07-2026,Present
25B11AI130,20-07-2026,Present
25B11AI130,21-07-2026,Present
25B11AI130,22-07-2026,Present
25B11AI130,23-07-2026,Present
25B11AI130,24-07-2026,Present
25B11AI130,25-07-2026,Present
25B11AI130,26-07-2026,Present
25B11AI130,27-07-2026,Present
25B11AI130,28-07-2026,Present
25B11AI130,29-07-2026,Present
25B11AI130,30-07-2026,Present
25B11AI130,31-07-2026,Present
25B11AI130,32-07-2026,Present
25B11AI130,33-07-2026,Present
25B11AI130,34-07-2026,Present
25B11AI130,35-07-2026,Present
25B11AI130,36-07-2026,Absent
25B11AI130,37-07-2026,Absent
25B11AI130,38-07-2026,Absent
25B11AI130,39-07-2026,Absent
25B11AI130,40-07-2026,Absent
25B11AI130,41-07-2026,Absent
25B11AI130,42-07-2026,Absent
25B11AI130,43-07-2026,Absent
25B11AI130,44-07-2026,Absent
25B11AI130,45-07-2026,Absent
25B11AI130,46-07-2026,Absent
25B11AI130,47-07-2026,Absent
25B11AI130,48-07-2026,Absent
25B11AI130,49-07-2026,Absent
25B11AI130,50-07-2026,Absent
25B11AI130,51-07-2026,Absent
25B11AI130,52-07-2026,Absent
25B11AI130,53-07-2026,Absent
25B11AI130,54-07-2026,Absent
25B11AI130,55-07-2026,Absent
25B11AI130,56-07-2026,Absent
25B11AI130,57-07-2026,Absent
25B11AI130,58-07-2026,Absent
25B11AI130,59-07-2026,Absent
25B11AI130,60-07-2026,Absent
25B11AI130,26-08-2026,Present
